k_folds,Umoca,Smoca-greedy,Best_BC,Woc
1,0.5127668333856129,0.5586133673068985,0.5507233101816987,0.511636316634992
2,0.5238565493351599,0.5554985420003091,0.5378666555791086,0.5225250467764091
3,0.506340687214021,0.5568453854762581,0.5297532446066242,0.5192534903876834
4,0.5200860427236433,0.554016316138682,0.532947603599794,0.5333650450113749
5,0.5199908906371751,0.5616517310858421,0.5546629268599869,0.520797949716907