k_folds,Umoca,Smoca-greedy,Best_BC,Woc
1,0.7264021887824893,0.6317829457364335,0.6367989056087545,0.677382580939352
2,0.697902416780665,0.6183310533515727,0.363201094391244,0.6233470132238934
3,0.7323301413588685,0.6228910168718643,0.28978568171454544,0.75376196990424
4,0.6755585955312353,0.6637026903784766,0.5255357957136337,0.6951664386684898
5,0.6541267669858634,0.6595987232102137,0.3830369357045134,0.6648426812585492