k_folds,Umoca,Smoca-greedy,Best_BC,Woc
1,0.590198641027762,0.731119898444259,0.6710684419321606,0.5830153535380496
2,0.5902285013756133,0.7435638458161592,0.6947726821579331,0.6170834314238501
3,0.6068371008818261,0.7354326836941109,0.6587762947362454,0.5694960306692302
4,0.5911777864157173,0.7188417747314243,0.6895494585283058,0.5914490279831734
5,0.565571645750726,0.7139911933277875,0.6613260356595831,0.5821245586291945