k_folds,Umoca,Smoca-greedy,Best_BC,Woc
1,0.5533154121863796,0.6568100358422937,0.6518817204301073,0.5640681003584225
2,0.6922043010752689,0.7629928315412181,0.8068996415770607,0.49551971326164845
3,0.4507168458781361,0.7410394265232976,0.7056451612903223,0.6509856630824367
4,0.411290322580645,0.6984767025089605,0.6249999999999993,0.5609318996415766
5,0.4408602150537631,0.7320788530465949,0.76926523297491,0.7298387096774193