k_folds,Umoca,Smoca-greedy,Best_BC,Woc,Lda
1,0.8605410501138676,0.8854356210160069,0.8860307160595517,0.8807753544820985,0.8920424634645984
2,0.8828217089527464,0.9001667267483792,0.9064255959533467,0.8803515638411005,0.9000404836291639
3,0.8714938030006422,0.8996195540220358,0.877652893649638,0.871002778063869,0.8974061866996241
4,0.8808186276192677,0.9029805535528275,0.8869673470205146,0.8634074484155551,0.8981461215824892
5,0.8754297208556158,0.9017864097094962,0.9090567399451852,0.8637133741349325,0.9017288873168408