k_folds,Umoca,Smoca-greedy,Best_BC,Woc
1,0.8864770373422126,0.9211921069797789,0.8956495119076198,0.8779626005653398
2,0.8702853738226813,0.8954342191094156,0.8999464271409047,0.8739249665258929
3,0.872130383035209,0.8851377158649971,0.8904799813460585,0.8632254151360131
4,0.86734101234822,0.8930713627676464,0.8855046434579535,0.8674890708506374
5,0.8746715685749032,0.8942852753393291,0.8869452751249555,0.8764629802315883