k_folds,Umoca,Smoca-greedy,Best_BC,Woc
1,0.7648823741178485,0.8455618438959976,0.8002567088910759,0.7466206854211811
2,0.7386834525501776,0.8479749242862771,0.8105941275173456,0.7654500447983
3,0.7636082478584147,0.862725807211019,0.8249471967542017,0.7602880100209374
4,0.7504959897359358,0.8487162316907514,0.8101518610009416,0.76913012169081
5,0.7605686367099163,0.8469087716564812,0.8232999688554228,0.7689088711450194