k_folds,Umoca,Smoca-greedy,Best_BC,Woc
1,0.8998397185645366,0.9027425422885911,0.9002158974519122,0.903892500526526
2,0.906251476487115,0.9084147553415755,0.9022951917170954,0.9037157224756734
3,0.911146606862429,0.9062297546088396,0.898417486091986,0.9053338522559881
4,0.8967466864863084,0.9001491481825735,0.9049119735239439,0.8960137669081344
5,0.9077750741007746,0.9030831931426706,0.9150747015941636,0.9085934871425111